{
  "schema_version": 4,
  "meta": {
    "host": "cpu09",
    "platform": "Linux-6.8.0-90-generic-x86_64-with-glibc2.39",
    "python": "3.12.3 (main, Jan 22 2026, 20:57:42) [GCC 13.3.0]",
    "timestamp": "2026-02-26T17:21:37+0000",
    "video_a": "/mnt/sata/input_2g_a.mp4",
    "video_b": "/mnt/sata/input_2g_b.mp4",
    "file_size_a_bytes": 2010340407,
    "file_size_b_bytes": 2010344795,
    "mem_limit_bytes": 3221225472,
    "mem_limit_label": "3G",
    "trials": 5,
    "drop_caches": true,
    "disk_bw_bytes_s": 165355546.8014397,
    "mem_bw_bytes_s": 283792375.8183961
  },
  "interleaved": {
    "hit_rates": [
      0.0,
      0.6023270575334317,
      0.6023261895267671,
      0.6023270575334317
    ],
    "ca_per_task_s": [
      12.157683524303138,
      9.101591473353652,
      9.101576011345601,
      9.101591473353652
    ],
    "ca_total_s": 39.462442482356046,
    "vanilla_per_task_s": 12.157683524303138,
    "vanilla_total_s": 48.63078717072699,
    "measured_trials": [
      [
        10.205587712,
        8.246820018,
        8.866392567,
        8.950899708
      ],
      [
        9.475905285,
        8.730428693,
        9.989427973,
        8.793364084
      ],
      [
        12.296805265,
        8.479118261,
        10.239560916,
        10.009385331
      ],
      [
        9.498290377,
        8.341164064,
        8.809090018,
        8.676260769
      ],
      [
        9.636241724,
        8.690385098,
        8.700551432,
        8.723389296
      ]
    ],
    "measured_per_task_mean_s": [
      10.2225660726,
      8.4975832268,
      9.321004581199999,
      9.0306598376
    ],
    "measured_total_mean_s": 37.071813718200005,
    "measured_total_std_s": 2.0530273225683806
  },
  "grouped": {
    "hit_rates": [
      0.0,
      1.0,
      0.6023270575334317,
      1.0
    ],
    "ca_per_task_s": [
      12.157683524303138,
      7.083842196967453,
      9.101591473353652,
      7.0838576589755045
    ],
    "ca_total_s": 35.426974853599745,
    "vanilla_per_task_s": 12.157683524303138,
    "vanilla_total_s": 48.63078717072699,
    "measured_trials": [
      [
        10.129610213,
        7.568084662,
        8.885877412,
        7.953347694
      ],
      [
        8.712242817,
        7.281423009,
        7.356468476,
        7.925377804
      ],
      [
        9.693022891,
        7.916641268,
        8.23674878,
        8.067343458
      ],
      [
        10.173967305,
        7.584766691,
        8.463481482,
        7.843235706
      ],
      [
        12.288790654,
        7.051638995,
        8.573682644,
        7.63162931
      ]
    ],
    "measured_per_task_mean_s": [
      10.199526775999999,
      7.480510925,
      8.3032517588,
      7.8841867944
    ],
    "measured_total_mean_s": 33.86747625419999,
    "measured_total_std_s": 1.4159338652871958
  }
}