{
  "schema_version": 1,
  "meta": {
    "host": "cpu09",
    "platform": "Linux-6.8.0-90-generic-x86_64-with-glibc2.39",
    "timestamp": "2026-02-26T19:05:31+0000",
    "title": "Base scale: memory increase removes ordering speedup",
    "video_a": "/mnt/sata/input_2g_a.mp4",
    "video_b": "/mnt/sata/input_2g_b.mp4",
    "file_size_a_bytes": 2010340407,
    "file_size_b_bytes": 2010344795,
    "trials": 3,
    "drop_caches": true,
    "disk_bw_bytes_s": 226328874.31644884,
    "mem_bw_bytes_s": 257277137.168594
  },
  "eviction": {
    "mem_limit_bytes": 3221225472,
    "mem_limit_label": "3G",
    "hit_rates": {
      "interleaved": [
        0.0,
        0.6023270575334317,
        0.6023261895267671,
        0.6023270575334317
      ],
      "grouped": [
        0.0,
        1.0,
        0.6023270575334317,
        1.0
      ]
    },
    "ca": {
      "interleaved_total_s": 33.598864792296354,
      "grouped_total_s": 32.749055047019006,
      "speedup_x": 1.0259491378929024
    },
    "vanilla": {
      "interleaved_total_s": 35.52958246395334,
      "grouped_total_s": 35.52958246395334,
      "speedup_x": 1.0
    },
    "measured": {
      "interleaved_trials": [
        [
          9.19746358,
          7.842522681,
          8.9759386,
          8.256877051
        ],
        [
          10.537372035,
          7.713064523,
          9.476016651,
          8.966300463
        ],
        [
          9.651995718,
          8.451232228,
          8.674906578,
          8.435424219
        ]
      ],
      "grouped_trials": [
        [
          9.523108323,
          8.557160105,
          8.198891443,
          7.970359262
        ],
        [
          8.927792088,
          7.878865277,
          7.960357395,
          7.170560868
        ],
        [
          8.027156151,
          8.261261479,
          8.611820305,
          7.715138848
        ]
      ],
      "interleaved_mean_s": 35.393038109,
      "grouped_mean_s": 32.93415718133333,
      "interleaved_std_s": 0.9960593229644508,
      "grouped_std_s": 0.970390436662511,
      "speedup_x": 1.0746605086666778
    }
  },
  "no_eviction": {
    "mem_limit_bytes": 5368709120,
    "mem_limit_label": "5G",
    "hit_rates": {
      "interleaved": [
        0.0,
        1.0,
        1.0,
        1.0
      ],
      "grouped": [
        0.0,
        1.0,
        1.0,
        1.0
      ]
    },
    "ca": {
      "interleaved_total_s": 32.32415017438033,
      "grouped_total_s": 32.32415017438033,
      "speedup_x": 1.0
    },
    "vanilla": {
      "interleaved_total_s": 35.52958246395334,
      "grouped_total_s": 35.52958246395334,
      "speedup_x": 1.0
    },
    "measured": {
      "interleaved_trials": [
        [
          9.196649978,
          7.739174272,
          8.636965484,
          6.764573398
        ],
        [
          8.280992796,
          7.221525123,
          7.729705106,
          7.025570967
        ],
        [
          8.625957664,
          8.260606667,
          7.939853061,
          7.146983186
        ]
      ],
      "grouped_trials": [
        [
          10.332098031,
          7.043915585,
          7.701142259,
          7.581115354
        ],
        [
          11.001749264,
          6.670084819,
          8.90251603,
          7.471945584
        ],
        [
          9.092138822,
          7.133527339,
          7.786617473,
          6.869488343
        ]
      ],
      "interleaved_mean_s": 31.52285256733333,
      "grouped_mean_s": 32.52877963433333,
      "interleaved_std_s": 0.9067881356549438,
      "grouped_std_s": 1.295152152819028,
      "speedup_x": 0.9690757821748016
    }
  }
}