{
  "schema_version": 4,
  "meta": {
    "host": "cpu09",
    "platform": "Linux-6.8.0-90-generic-x86_64-with-glibc2.39",
    "python": "3.12.3 (main, Jan 22 2026, 20:57:42) [GCC 13.3.0]",
    "timestamp": "2026-02-26T18:55:34+0000",
    "video_a": "/mnt/sata/input_20g_a.mp4",
    "video_b": "/mnt/sata/input_20g_b.mp4",
    "file_size_a_bytes": 20103474164,
    "file_size_b_bytes": 20103517540,
    "mem_limit_bytes": 32212254720,
    "mem_limit_label": "30G",
    "trials": 3,
    "drop_caches": true,
    "disk_bw_bytes_s": 188659827.84625012,
    "mem_bw_bytes_s": 248808323.8044102
  },
  "interleaved": {
    "hit_rates": [
      0.0,
      0.6023214858746555,
      0.6023206278287732,
      0.6023214858746555
    ],
    "ca_per_task_s": [
      106.55937935225666,
      91.04357102086064,
      91.04339668585715,
      91.04357102086064
    ],
    "ca_total_s": 379.6899180798351,
    "vanilla_per_task_s": 106.55937935225666,
    "vanilla_total_s": 426.2379772419491,
    "measured_trials": [
      [
        94.027701739,
        87.423825679,
        97.959714326,
        89.532711805
      ],
      [
        96.013406398,
        90.629986714,
        106.358114531,
        93.383672398
      ],
      [
        98.396079116,
        87.831630677,
        107.979318555,
        89.632354857
      ]
    ],
    "measured_per_task_mean_s": [
      96.14572908433333,
      88.62848102333334,
      104.09904913733334,
      90.84957968666667
    ],
    "measured_total_mean_s": 379.7228389316667,
    "measured_total_std_s": 7.6923575905806505
  },
  "grouped": {
    "hit_rates": [
      0.0,
      1.0,
      0.6023214858746555,
      1.0
    ],
    "ca_per_task_s": [
      106.55937935225666,
      80.79904183512554,
      91.04357102086064,
      80.79921617012903
    ],
    "ca_total_s": 359.20120837837186,
    "vanilla_per_task_s": 106.55937935225666,
    "vanilla_total_s": 426.2379772419491,
    "measured_trials": [
      [
        97.302412898,
        79.201127572,
        85.152579589,
        76.428883082
      ],
      [
        94.381929721,
        78.600535049,
        88.076279409,
        78.978145111
      ],
      [
        94.618750448,
        78.502101875,
        87.163328,
        79.509847875
      ]
    ],
    "measured_per_task_mean_s": [
      95.43436435566667,
      78.76792149866667,
      86.797395666,
      78.30562535600001
    ],
    "measured_total_mean_s": 339.3053068763333,
    "measured_total_std_s": 0.8685625221606774
  }
}