{
  "schema_version": 1,
  "meta": {
    "host": "cpu09",
    "platform": "Linux-6.8.0-90-generic-x86_64-with-glibc2.39",
    "timestamp": "2026-02-26T20:54:04+0000",
    "title": "10x scale: high memory removes ordering speedup (70G)",
    "video_a": "/mnt/sata/input_20g_a.mp4",
    "video_b": "/mnt/sata/input_20g_b.mp4",
    "file_size_a_bytes": 20103474164,
    "file_size_b_bytes": 20103517540,
    "trials": 2,
    "drop_caches": true,
    "disk_bw_bytes_s": 215444544.6700814,
    "mem_bw_bytes_s": 243851587.90158337
  },
  "eviction": {
    "mem_limit_bytes": 32212254720,
    "mem_limit_label": "30G",
    "hit_rates": {
      "interleaved": [
        0.0,
        0.6023214858746555,
        0.6023206278287732,
        0.6023214858746555
      ],
      "grouped": [
        0.0,
        1.0,
        0.6023214858746555,
        1.0
      ]
    },
    "ca": {
      "interleaved_total_s": 353.60476668774106,
      "grouped_total_s": 344.9590874486689,
      "speedup_x": 1.0250629119615775
    },
    "vanilla": {
      "interleaved_total_s": 373.2467839050696,
      "grouped_total_s": 373.2467839050696,
      "speedup_x": 1.0
    },
    "measured": {
      "interleaved_trials": [
        [
          96.583777679,
          86.722938091,
          109.763648485,
          93.334244666
        ],
        [
          104.558856862,
          86.892806403,
          107.442446938,
          92.688023691
        ]
      ],
      "grouped_trials": [
        [
          92.587781445,
          82.112019248,
          85.027761664,
          80.425197007
        ],
        [
          90.062051301,
          80.897756276,
          86.124403243,
          79.075711318
        ]
      ],
      "interleaved_mean_s": 388.9933714075,
      "grouped_mean_s": 338.156340751,
      "interleaved_std_s": 2.588762486500002,
      "grouped_std_s": 1.9964186129999746,
      "speedup_x": 1.150335878793808
    }
  },
  "no_eviction": {
    "mem_limit_bytes": 75161927680,
    "mem_limit_label": "70G",
    "hit_rates": {
      "interleaved": [
        0.0,
        1.0,
        1.0,
        1.0
      ],
      "grouped": [
        0.0,
        1.0,
        1.0,
        1.0
      ]
    },
    "ca": {
      "interleaved_total_s": 340.6362478291329,
      "grouped_total_s": 340.6362478291329,
      "speedup_x": 1.0
    },
    "vanilla": {
      "interleaved_total_s": 373.2467839050696,
      "grouped_total_s": 373.2467839050696,
      "speedup_x": 1.0
    },
    "measured": {
      "interleaved_trials": [
        [
          83.108860295,
          81.40973545,
          73.481244429,
          71.045316154
        ],
        [
          84.914395041,
          86.015215286,
          74.038470319,
          72.5299789
        ]
      ],
      "grouped_trials": [
        [
          90.11804644,
          72.850114337,
          88.920231554,
          74.513496738
        ],
        [
          87.884989338,
          71.624745284,
          79.90416545,
          73.881859642
        ]
      ],
      "interleaved_mean_s": 313.271607937,
      "grouped_mean_s": 319.8488243915,
      "interleaved_std_s": 4.226451609000009,
      "grouped_std_s": 6.553064677500004,
      "speedup_x": 0.9794364838857454
    }
  }
}